{"id":"ca602ce698ee4831a277660caac03c38","title":"[샘플] 청소년기의 이해","asset":[{"assetId":"2a8d33d11e1a488292773e74c71dec97","assetType":"I","mimeType":"image/png","originFileName":"Image_Page_3,4.png","w":"1531","h":"984","duration":"","link":false},{"assetId":"21ccd2d935ea47ec93e715704e140598","assetType":"I","mimeType":"image/png","originFileName":"transparent_20px.png","w":"20","h":"20","duration":"","link":false},{"assetId":"3a3e46fb254b4bce88cab0280b001d8f","assetType":"I","mimeType":"image/png","originFileName":"Page_2_내용적기.png","w":"220","h":"71","duration":"","link":false},{"assetId":"8232589dcdba45ccab4065ddc17af621","assetType":"I","mimeType":"image/png","originFileName":"Page_1-1_가방.png","w":"235","h":"235","duration":"","link":false},{"assetId":"608416d1394e49d791e07e807d98c652","assetType":"I","mimeType":"image/png","originFileName":"Page_1-3_도시락.png","w":"235","h":"235","duration":"","link":false},{"assetId":"645b71824c7a456f913f0ac0ba15f466","assetType":"I","mimeType":"image/png","originFileName":"Page_4_X.png","w":"84","h":"78","duration":"","link":false},{"assetId":"3ecf0157a0b24a0ea9d2d9c5e9872e6b","assetType":"I","mimeType":"image/png","originFileName":"Page_3_오답입니다.png","w":"489","h":"226","duration":"","link":false},{"assetId":"1a5147ddf9a848acaaecbd75bea6f754","assetType":"I","mimeType":"image/png","originFileName":"Page_3_정답입니다.png","w":"489","h":"226","duration":"","link":false},{"assetId":"1307b6f7912a403eb765158ec7e19428","assetType":"I","mimeType":"image/png","originFileName":"Page_4_팝업.png","w":"670","h":"758","duration":"","link":false},{"assetId":"cec2bd6c2ae044f68c0da3d16864fc02","assetType":"I","mimeType":"image/png","originFileName":"Page_1-2_물.png","w":"235","h":"235","duration":"","link":false},{"assetId":"b98bf50c83ee431591ed18d699e981e6","assetType":"I","mimeType":"image/png","originFileName":"Image_Page_1,2.png","w":"1531","h":"984","duration":"","link":false},{"assetId":"94b14c0292b140b5b5cc3b9714d9415a","assetType":"I","mimeType":"image/png","originFileName":"Page_3_팝업.png","w":"670","h":"758","duration":"","link":false},{"assetId":"79679dce96fd46e6aa6f6e75f66dbc7a","assetType":"I","mimeType":"image/png","originFileName":"Page_2_팝업.png","w":"670","h":"758","duration":"","link":false},{"assetId":"8de8665ea9304b37aae67e1656b8c2fc","assetType":"I","mimeType":"image/png","originFileName":"Page_1-4_모자.png","w":"235","h":"235","duration":"","link":false},{"assetId":"de351afe579245cdbe4d7b930dfe5600","assetType":"I","mimeType":"image/png","originFileName":"Page_1_클릭하기.png","w":"220","h":"71","duration":"","link":false},{"assetId":"a6403722463f460f87fb4a2ee8656abd","assetType":"I","mimeType":"image/png","originFileName":"Page_4_O.png","w":"84","h":"78","duration":"","link":false},{"assetId":"1d0e79fcbc1a418c986ba7e91094d35f","assetType":"I","mimeType":"image/png","originFileName":"circle_20px.png","w":"20","h":"20","duration":"","link":false},{"assetId":"147fed4bd28f47438b08ea0b9c8b5ebe","assetType":"I","mimeType":"image/png","originFileName":"Page_1_팝업.png","w":"670","h":"758","duration":"","link":false}]}